{"accuracy": [0.6074542999267578, 0.8605590462684631, 0.9137207269668579, 0.9410484433174133, 0.9551888704299927, 0.9651753306388855, 0.9711501598358154, 0.9771391749382019, 0.9792161583900452, 0.9818621277809143], "loss": [1.3305751085281372, 0.4381515681743622, 0.2671121060848236, 0.18060588836669922, 0.13823993504047394, 0.10469992458820343, 0.08777231723070145, 0.06961265206336975, 0.06293895095586777, 0.056257545948028564], "val_accuracy": [0.8475984334945679, 0.9214659929275513, 0.9287502765655518, 0.9426929354667664, 0.9499203562736511, 0.9513999819755554, 0.9580582976341248, 0.9621556997299194, 0.9632369875907898, 0.9714887142181396], "val_loss": [0.48581793904304504, 0.2465178370475769, 0.22197237610816956, 0.1768825799226761, 0.1557845026254654, 0.15678974986076355, 0.13821180164813995, 0.1261143535375595, 0.11928804963827133, 0.09875979274511337]}